2.12532,-8.35859,-9.39368,8.56843,8.78855,6.32030,-4.73014,-6.92553,3.68487,-1.20625
-10.15949,9.97078,8.04821,-4.82858,-6.30387,-6.97885,-3.21693,0.88861,-0.46591,-3.54025
-2.50408,8.77970,3.22451,1.55252,-7.22234,-7.68239,-8.99961,7.72757,3.90849,4.33603
-7.33024,-1.95436,-8.70898,8.48457,-4.18574,4.30856,-3.39816,0.54945,0.05314,-7.01513
-10.05601,9.74470,6.60193,-5.27618,-6.28668,-7.61490,-2.91889,0.00137,-2.91768,-4.60353
-2.25165,8.93984,2.72111,1.94666,-6.81940,-4.41687,-9.03069,7.62507,1.98759,2.99277
-8.01039,0.45528,-8.11197,7.72325,-5.23583,4.40435,-5.63552,0.01284,1.12463,-5.85369
2.13847,-7.19127,-3.44889,-2.43955,0.07454,5.99064,-6.61896,0.64619,0.70457,-8.96243
5.86668,-4.71549,-10.10552,7.24671,5.77221,5.89184,4.33327,-8.77278,-3.17585,-7.19336
-2.18503,8.88414,4.73687,2.56833,-7.69785,-4.78772,-9.84435,6.10933,3.18041,4.95311
8.10338,5.79537,8.93550,7.28242,2.09898,10.02611,-7.53475,-7.22135,-9.20696,-4.29836
-1.73347,-4.63054,7.65009,-2.65427,-4.17178,-0.23770,-6.94767,7.07938,-9.34505,11.16223
3.42756,-8.85801,-9.07558,6.43785,3.91149,5.96917,6.06273,-6.90281,-4.22342,-7.71717
-2.71473,-3.93969,6.59738,-4.27050,-5.36630,1.05260,-7.26058,5.46482,-8.98982,10.43391
3.84934,-5.89521,-2.51714,-1.93064,-0.80317,4.10155,-6.25259,-0.55856,4.01923,-9.24688
-5.34046,-0.25551,-9.01661,6.66977,-3.34747,2.08267,-3.54900,-0.69594,0.34534,-7.14017
-0.41144,-6.78055,-6.28635,9.76232,9.29338,5.90506,-3.88526,-7.49944,2.50385,-0.08263
6.16772,-5.91389,-8.88240,6.82722,4.16335,4.27658,5.34449,-11.68953,-2.62008,-8.17109
-3.41569,-3.51903,7.14676,-3.56966,-5.91889,0.70902,-7.62746,6.15708,-8.87210,7.73028
-9.95192,9.34125,6.95665,-7.46339,-7.71169,-5.58865,-3.74429,0.31115,-1.34267,-3.82784
2.81721,-6.12693,-10.42477,8.30015,10.50675,5.18678,-4.37213,-7.58450,4.46805,-1.44849
-8.99356,10.25161,7.40778,-5.47203,-6.25930,-6.39450,-4.66912,0.21445,-3.05406,-4.27376
4.20744,-7.72041,-8.22534,8.05133,9.86815,5.24926,-4.32509,-8.34165,4.66048,-0.27850
-3.22450,9.69388,3.90951,2.18963,-6.83406,-7.53171,-6.69438,7.95744,-0.00284,4.34791
2.78632,-7.82878,-8.63904,9.25509,10.67330,4.85913,-6.92724,-7.86271,5.48517,0.04200
6.47431,-5.22898,-9.87437,5.33442,4.78273,4.59952,3.10509,-7.73648,-2.85492,-6.48017
1.36713,-7.28006,-9.61516,8.14589,9.24546,5.45219,-3.22567,-6.55931,3.10461,-0.95755
4.37121,-5.94460,-10.37021,8.84861,4.09725,3.17590,5.29123,-7.99975,-1.15732,-8.27207
-2.41744,7.02672,4.42021,2.33028,-5.40173,-7.39838,-9.64682,6.82177,2.93770,4.49020
5.39337,-5.52260,-10.20831,5.27942,4.01380,4.88919,4.76972,-8.75482,-3.77015,-6.56337
-9.60473,10.58659,9.17579,-6.28409,-6.85294,-5.28775,-3.23326,2.34184,-0.77717,-4.53471
-3.08331,-5.69907,6.31841,-3.40298,-3.58347,-1.00542,-7.13602,6.60228,-6.65234,9.25597
5.69098,-6.82797,-8.40760,6.02601,3.57157,4.10883,6.14382,-8.67685,-3.47235,-6.01727
5.05922,-5.59118,-9.64935,7.56236,4.92707,5.54971,5.75226,-9.90841,-3.02638,-6.62253
-8.08755,10.24842,6.30020,-6.10248,-6.68514,-4.25516,-3.53322,0.92517,-0.33082,-3.93663
-6.00507,0.75751,-8.89736,8.64970,-4.78089,3.80859,-6.29534,0.10475,1.17553,-7.45392
-2.95349,9.39159,5.39687,1.05100,-6.01002,-5.52447,-8.42489,9.20032,1.24851,2.91680
-3.03896,9.52755,4.73696,2.94181,-7.58168,-7.20777,-9.23044,5.86001,2.31842,4.42251
1.21287,-5.35603,-2.93607,-2.09067,-1.10508,4.74408,-6.37873,1.37344,3.73288,-7.52775
-10.42366,11.54335,5.46125,-5.44340,-5.72972,-5.91811,-4.10044,0.36531,-1.31729,-4.32242
3.47534,-7.18885,-3.84827,-0.97055,-0.63785,8.30520,-5.44101,-1.47607,2.60163,-8.68983
-9.90866,9.82236,7.17169,-6.32692,-6.38786,-4.18964,-2.18761,0.93145,-1.32310,-4.05539
-3.02306,7.95507,4.57720,29283.12004,-7.86535,-6.37606,-9.36859,6.53065,1.91527,3.12621
-8.53876,8.86296,7.96625,-5.55562,-4.28824,-7.02110,-2.17919,0.69304,-2.01252,-4.65930
1.82300,-6.43433,-7.87387,8.11058,8.65452,5.86422,-5.25360,-8.86582,3.20844,-0.32256
2.80135,-8.09260,-7.64702,7.97965,8.92867,6.41815,-1.91206,-4.93664,4.29138,-1.38015
1.91438,-7.46096,-2.82891,-2.11653,-0.42271,7.86852,-6.65004,1.21253,1.90530,-8.80240
8.29953,6.33741,9.70375,6.35082,3.54784,9.01156,-6.83056,-7.42247,-10.46128,-3.64236
-1.94987,-4.56446,5.00387,-1.50936,-4.99217,1.35840,-8.74455,4.86448,-7.07390,9.39044
-1.87811,-5.47085,6.08704,-1.79060,-3.88491,2.92899,-6.00139,7.18823,-9.89686,10.50160
-3.21111,-5.36554,6.15115,-4.23055,-5.35543,1.55735,-8.48889,4.44607,-9.13901,10.46969
7.06878,-5.64252,-9.39046,4.61696,3.96676,3.76732,6.25347,-7.44803,-4.90517,-7.70465
-2.12397,-5.05585,4.79359,-5.09540,-4.15463,0.29236,-7.73461,6.73980,-7.33554,9.46519
3.43747,-7.86702,-5.20402,-2.13611,0.30710,6.42247,-5.01048,-0.47211,0.42648,-7.56966
3.04796,-5.31464,-8.04745,7.84003,9.11115,6.16143,-3.30893,-7.37822,2.95049,-1.11495
2.04764,-8.23271,-8.87482,10.63918,9.33353,6.39865,-5.16789,-8.66292,3.30946,-1.51467
-1.68555,-3.69685,5.90640,-2.92601,-5.43975,-1.64414,-6.98106,6.65284,-8.24692,7.78818
0.55362,-8.01599,-3.19226,-1.05718,-2.11295,5.11105,-6.03293,0.56485,1.03869,-8.64693
2.15796,-7.24984,-8.00014,9.39868,9.80466,5.64191,-6.06107,-6.94941,3.20582,-2.05973
1.14609,-7.62094,-5.26281,-2.88768,-1.18663,6.48318,-4.69622,1.68037,1.28612,-9.28021
2.20383,-7.41824,-4.28564,-4.55461,-1.42733,5.79636,-5.84667,-0.74299,3.11400,-9.93717
-8.62443,11.60872,6.09136,-7.12302,-6.45178,-3.75220,-4.71883,2.13425,0.31660,-4.72901
3.42444,-4.62056,-3.57747,-2.34697,-0.68422,5.35035,-5.66804,-0.01071,2.01675,-7.75339
-2.40987,9.76567,2.97047,2.51653,-7.54225,-6.30951,-9.60159,5.51864,0.39476,4.20954
-7.02442,1.13252,-9.94954,8.64479,-6.91143,2.66583,-3.79684,-0.50832,-0.00230,-6.97069
9.84986,4.52294,7.63665,6.20920,0.16411,7.08204,-8.93917,-4.12708,-9.62133,-3.31564
-9.63390,9.64154,6.40762,-5.40116,-7.61504,-4.88815,-3.99731,1.61242,-1.01837,-3.71866
9.57276,6.80593,9.37614,7.48413,2.21520,8.19682,-8.22227,-6.40595,-9.25979,-3.28130
-7.10863,-1.96628,-10.47401,7.90327,-5.12526,2.04097,-3.37680,0.65283,0.73994,-7.05870
4.29958,-8.27766,-4.13289,-1.26054,-0.95824,6.15589,-7.06892,0.71300,1.66115,-8.08526
4.90725,-5.37028,-10.95975,8.02827,3.24081,4.79945,6.21727,-9.08975,-1.97822,-8.91180
2.35816,-6.52017,-9.42071,9.15453,8.76596,5.89629,-2.23427,-6.70610,2.38508,-0.36722
3.04110,-5.55427,-10.54516,8.04820,7.81611,5.51792,-3.99116,-9.49620,2.76280,-2.20091
2.96229,-7.73778,-7.88019,10.51564,8.19010,5.25044,-2.89006,-7.77506,4.23614,-0.85636
11.66314,5.09826,9.28141,8.46631,2.15348,8.33864,-7.79417,-8.61259,-8.41338,-3.36722
5.83450,-8.24611,-11.08752,7.19631,4.42392,4.43294,5.99025,-6.88331,-3.05173,-7.61325
-1.93117,-5.34952,6.73188,-2.68874,-5.04816,1.05184,-7.78899,5.63958,-9.19527,8.30507
9.89448,7.29902,9.49606,7.65387,0.93163,9.66749,-9.19486,-4.45187,-9.37984,-1.90281
-1.57352,10.28584,5.36155,0.84412,-7.40415,-6.39074,-10.06046,8.03652,1.78197,3.78663
6.79601,-4.73294,-8.22582,6.61447,4.72454,5.99433,5.87280,-9.02034,-3.27923,-7.44406
-8.00228,-0.57595,-9.01565,8.64959,-4.62711,3.56175,-2.06582,1.47290,1.12484,-5.36160
2.52575,-6.94980,-4.29142,-1.86195,-0.08511,3.95499,-4.70218,-1.37780,2.88084,-7.94429
-2.99456,9.09616,6.95454,0.10590,-6.19337,-8.49283,-9.31026,8.41247,2.08658,3.08371
-6.80245,0.51601,-10.32891,7.94233,-4.86371,3.11595,-3.43192,1.83273,2.01597,-7.61513
-10.00850,9.11641,5.30440,-6.67187,-7.36764,-7.09971,-3.94984,0.72934,0.18940,-5.17377
-0.21118,-3.28237,6.17755,-3.96720,-4.03375,0.94062,-6.82585,6.23552,-8.00275,11.18504
9.34266,5.34230,9.12083,9.34755,2.83742,7.36011,-6.85365,-5.76721,-8.40839,-2.02685
4.77947,-5.30378,-11.15956,6.97807,4.80909,4.96435,4.43098,-8.26956,-4.01374,-7.93538
-10.12807,8.61989,6.84470,-6.73159,-5.95525,-8.03449,-2.88600,0.96773,-1.10507,-3.19273
4.67803,-5.95761,-8.86079,6.81091,4.38547,4.65826,5.82564,-8.31745,-3.86066,-7.63654
8.28011,5.46683,8.25852,6.32869,2.30471,10.94904,-10.07023,-6.11262,-8.45491,-3.37032
-7.13375,1.10079,-10.68390,7.47697,-5.11295,2.46669,-2.03084,-0.45541,0.37866,-6.09852
5.42433,-5.73650,-11.06848,6.08956,4.74667,3.02477,5.62625,-8.41832,-2.78940,-6.64546
-2.74415,-4.66111,8.74469,-4.28862,-6.23315,1.63751,-7.86016,5.72570,-9.29014,9.47794
-9.65245,9.72696,6.97021,-5.33130,-4.74979,-5.87838,-4.15931,1.45922,-0.17163,-5.40303
1.55339,-5.16715,-6.96007,9.95657,9.39796,5.35968,-4.73817,-7.52404,4.10306,0.20465
9.66905,5.48038,9.11206,7.88546,1.14499,9.26076,-8.00439,-6.06273,-10.07082,-2.18989
1.98783,-7.33442,-9.37415,8.83319,8.52022,5.85999,-5.80134,-7.83326,3.68587,-2.01404
3.32284,-7.11214,-3.84906,-3.06441,-0.60947,5.36033,-5.38495,-0.08492,2.22539,-9.10025
9.53158,6.49877,7.39976,8.05431,0.86063,6.96056,-8.96952,-4.88844,-8.14544,-3.25039
1.34957,-7.64758,-3.43473,-3.04560,0.84836,5.30388,-5.78184,1.21728,0.42993,-10.83180
-7.48655,-0.50795,-9.40146,8.14884,-6.55560,4.74538,-3.72445,0.84436,1.88576,-7.32407
-3.70050,9.67084,3.66520,2.76025,-5.72103,-7.70079,-7.87495,7.73630,2.84436,6.05824
-1.45077,7.25555,3.45662,-0.06606,-7.14903,-6.16257,-7.33597,7.39762,3.65092,2.78135
-3.17098,9.86672,3.84736,1.85843,-6.37464,-6.01435,-10.03862,6.98902,1.54735,3.50812
2.83423,-6.79883,-7.62599,11.34158,8.52665,4.78690,-3.60391,-7.32500,3.45379,0.25631
5.59183,-6.54782,-6.81270,7.66934,2.89260,4.81301,4.81740,-9.53359,-4.17076,-7.25040
3.82818,-6.25507,-10.13817,6.93584,4.18271,5.20355,6.12885,-6.36418,-3.14598,-8.62364
91.31056,102.31521,92.20416,108.78853,95.24764,103.03824,95.28230,100.47884,101.19196,92.45533
-0.82206,9.89593,4.63191,3.45311,-6.80226,-7.74139,-7.31520,7.86243,0.98505,3.97111
10.66708,5.35094,9.32334,8.73602,3.17619,9.49485,-7.35795,-6.39543,-9.66720,-3.16079
2.10442,-8.18465,-3.05003,-2.79314,-3.05127,6.55094,-6.54185,0.19416,2.18027,-8.88049
-2.77385,11.73446,5.26555,1.11601,-7.95052,-6.39764,-9.06179,8.03752,2.49554,4.08862
10.82055,4.02852,8.20405,8.22565,3.21084,7.98926,-8.92240,-8.04927,-8.99202,-1.45132
1.81070,-6.06168,-4.04384,-4.11104,0.04063,5.03538,-4.13323,1.36474,1.40097,-7.78998
-10.21528,11.21065,7.35660,-6.31568,-5.73109,-5.35936,-3.29335,-1.07510,-2.08824,-4.42294
4.25062,-6.83654,-9.05731,8.33017,10.05683,5.98672,-4.55710,-6.72525,5.10426,-1.79737
-8.33255,8.50359,6.46198,-6.19295,-4.91652,-6.13536,-2.88331,-0.99043,-1.09405,-3.28579
-1.99415,12.86702,5.21077,3.10874,-5.92563,-6.22872,-9.15360,8.08249,1.24948,3.92463
5.60022,-5.62754,-9.94747,5.57411,3.95122,2.98075,7.70249,-9.75362,-3.86265,-8.12288
-2.41152,8.24128,4.66439,2.47117,-5.42848,-5.92084,-6.68515,6.55618,2.89462,4.34479
-8.01536,0.08496,-8.71720,7.62898,-5.23740,2.32375,-3.79722,-0.44707,1.50733,-8.08878
-1.65835,-5.62267,7.93731,-1.22432,-1.22925,-0.26957,-6.93863,3.96184,-7.95584,9.18954
10.32482,5.27994,9.85515,9.34916,1.04168,7.60056,-8.37053,-5.77273,-9.62002,-2.14119
-9.03826,8.42985,6.75423,-7.08724,-6.96487,-6.01213,-5.50815,0.93560,-1.38074,-3.62293
4.71066,-6.16722,-8.29124,7.04278,4.14593,4.34246,5.50202,-9.03087,-4.93543,-5.64044
-7.68875,0.48340,-10.01912,9.04196,-3.17492,4.32106,-4.49538,0.76278,-0.35894,-5.73052
9.26796,5.96046,8.29305,7.71398,0.96804,8.40248,-9.04115,-7.19439,-8.83679,-3.28065
-9.65848,7.73724,7.07847,-5.54553,-6.09192,-7.60866,-4.99621,1.54828,-1.40065,-3.49392
9.24955,5.84134,9.81944,8.76886,0.81498,9.25764,-8.29484,-6.00747,-9.02226,-3.64364
3.20652,-6.78293,-4.80333,-0.89745,-2.07224,6.62267,-5.00594,-0.38593,3.24076,-9.32104
-1.56869,-4.64255,5.38776,-1.80712,-4.97042,-0.08167,-7.35943,5.13113,-8.92642,10.08179
0.75815,-7.02676,-4.17242,-2.09347,-0.75902,4.73045,-4.80995,0.12616,1.82099,-10.00426
1.73743,-6.32924,-9.66273,8.02056,9.65643,6.11929,-3.87493,-8.80505,3.45426,-2.12118
9.83589,6.60398,9.25652,9.24277,2.48025,8.33957,-5.95772,-5.19131,-8.52171,-4.76970
8.66770,5.30727,8.33803,7.10721,1.95095,8.22188,-8.60201,-6.80880,-8.77593,-1.83978
-8.11177,10.77829,6.02329,-5.35741,-5.86947,-6.07124,-4.46546,-0.17649,-1.38665,-3.00269
-7.16544,-2.02413,-9.59111,9.03157,-4.87330,1.84526,-3.81818,2.10547,2.18110,-6.36491
-8.76138,-0.49214,-8.99478,7.85355,-4.91779,2.72111,-5.28025,0.72295,2.68914,-6.28451
1.03437,-5.35371,-8.85487,8.42942,9.47266,6.66973,-2.79033,-6.59806,3.32489,-2.52300
-7.08576,-0.36410,-8.46546,6.05918,-4.92349,2.64763,-3.33352,0.87140,0.22658,-7.01508
1.82228,-5.98633,-9.24308,8.81492,9.35356,5.16576,-3.16690,-8.55977,3.45606,-2.19130
-7.94426,0.28653,-9.17097,6.05584,-4.05619,3.46584,-3.25751,4.32760,-1.14991,-4.57821
-3.22764,8.80084,4.95079,3.44853,-6.02197,-7.04005,-8.85734,6.32099,2.00379,3.87279
-3.79916,7.71921,4.30409,3.64219,-7.13922,-8.38325,-9.08407,7.05080,-0.67459,4.10716
0.91179,-8.05704,-8.53421,9.02860,9.48598,6.41190,-4.13093,-6.55669,2.08376,-2.02545
1.80776,-7.90254,-5.56342,-2.75587,-2.38332,6.46358,-5.92408,-1.17286,1.53908,-9.82315
-10.14053,10.03113,6.85178,-7.26896,-4.81600,-4.53603,-4.52794,0.10743,-1.07523,-3.84096
10.67121,3.28584,9.29272,5.40328,0.99233,10.06665,-8.81193,-7.25422,-9.29339,-1.42549
-7.62100,0.38298,-8.43771,7.53664,-6.02760,2.20840,-4.25298,0.04944,0.16421,-7.59903
-9.39626,9.08908,6.78239,-5.90569,-5.65539,-5.37521,-4.70114,-0.83610,-3.19731,-3.66743
2.55623,-5.86967,-6.03228,-2.55774,-1.03873,6.37486,-5.79333,-0.46728,1.52924,-9.86702
-9.36386,10.44530,8.33278,-6.21210,-5.28482,-6.37042,-4.08778,1.37879,-0.70878,-5.75181
3.17228,-4.50107,-10.28495,7.09779,11.18361,6.55756,-4.77602,-7.51193,1.04891,-1.19357
-6.37951,0.09765,-9.84344,8.67028,-5.92669,3.93181,-3.35717,0.09355,0.09562,-7.18959
-1.08690,-4.96038,5.47613,-1.44443,-4.49479,1.07548,-5.94676,5.01198,-7.91350,9.14784
1.04117,-6.76552,-2.96048,-3.28255,-1.01262,5.71821,-6.79142,0.93297,1.72734,-8.65146
-2.24875,-5.26190,6.77951,-2.09906,-5.99720,1.15357,-6.24908,5.62884,-7.80829,12.55239
3.31307,-7.18881,-2.25592,-2.73342,-1.58701,4.18980,-7.80966,-1.29945,2.11542,-8.56227
5.57559,-6.16721,-10.36535,5.48312,3.45013,3.22959,5.34954,-10.20377,-2.63977,-7.71895
3.26112,-6.61760,-3.37875,-3.22395,-1.69680,5.70014,-6.17671,-0.16854,2.54468,-8.11569
-9.38721,10.44885,7.75438,-4.56619,-5.72477,-7.47491,-2.28172,-0.65122,-1.05846,-4.92969
10.04667,6.31346,7.79612,8.31674,1.10150,8.53516,-9.49465,-7.87345,-9.47827,-3.61712
-2.57730,-6.79137,7.94445,-3.95099,-3.12591,1.79979,-8.08211,4.91115,-8.15862,8.89341
-2.89894,-4.34975,4.83253,-3.41098,-5.47343,0.98926,-6.18707,6.68995,-10.88065,11.77981
-6.77989,-0.13548,-9.73014,6.16060,-5.89525,5.16186,-5.04623,0.59084,1.94165,-7.55783
-10.22605,8.86720,6.02571,-6.30869,-7.00089,-5.14289,-2.49465,-0.07562,-2.19346,-3.70400
10.58646,6.39730,7.41712,8.24803,-0.02023,8.48442,-6.33238,-7.02824,-9.92978,-2.72936
2.17629,-8.50919,-8.71281,8.28798,8.81952,7.61158,-5.16423,-7.23335,3.40570,-1.47671
-6.93717,1.23247,-8.92542,9.27739,-2.81213,4.27416,-3.51647,1.44645,1.07909,-6.27901
-0.45332,-6.39057,-8.26223,9.38201,10.54842,5.09689,-3.22751,-6.85405,1.90607,-0.87730
-3.62095,-3.51913,5.38023,-2.57913,-5.22646,1.40731,-7.21544,4.44918,-8.08829,9.15982
-7.00694,0.52917,-10.00900,8.76843,-4.56396,2.71160,-4.77433,-1.56127,1.28386,-7.86771
0.81229,-5.89660,-9.30483,10.69709,11.30516,5.40129,-4.45728,-7.18697,3.29753,-1.24236
-8.97479,8.37540,6.39148,-7.42180,-5.96428,-5.68471,-4.39834,2.06912,-2.58687,-5.63979
-7.54362,0.80582,-10.21999,9.70569,-4.31361,4.28103,-4.42361,1.25589,-0.15773,-5.41266
-7.38740,0.45679,-10.48782,7.29134,-4.22717,2.30210,-3.30257,-0.96578,1.78238,-7.53543
10.05640,4.94974,9.79180,7.39898,1.17600,7.67778,-10.00122,-5.60880,-10.92660,-4.72184
5.71274,-6.84922,-10.40781,7.63450,4.96426,4.73812,4.15349,-8.30771,-1.76803,-8.05825
-1.55877,8.43738,3.74146,2.46509,-8.19986,-5.04865,-7.65889,6.85435,0.30917,5.51532
1.35086,-6.65304,-7.46153,8.52041,9.26982,6.22597,-3.05929,-10.29345,3.07796,-0.98567
-10.03474,9.59229,7.72248,-6.77973,-6.23053,-7.03203,-2.72011,-1.02806,-1.92002,-3.79821
3.00935,-6.82414,-8.66073,7.52912,9.01296,6.11774,-1.28693,-9.15852,5.14884,-0.20009
9.61603,6.40667,8.49250,9.20853,2.27879,8.63154,-9.50021,-5.79339,-9.92741,-4.13168
9.27856,4.20344,9.02277,7.13978,-0.23192,9.63208,-7.27176,-6.02868,-8.86638,-2.41908
6.07250,-6.30519,-10.04786,6.12537,3.29147,4.56604,5.36276,-8.27787,-2.74618,-6.88462
2.94127,-6.24947,-8.12836,9.94590,8.98133,5.55571,-4.99288,-8.87197,6.63375,0.04773
2.47872,-5.66525,-9.71286,9.06340,8.38722,6.42333,-4.80307,-8.45466,2.68885,-0.54581
-2.06538,9.78892,3.71295,1.91364,-10.12089,-7.90450,-9.09090,6.07574,3.65471,2.73131
-2.35862,-4.50074,5.07453,-3.64377,-3.03024,1.74011,-7.24416,6.28706,-8.80323,11.09432
-2.17793,9.98983,4.16070,1.78751,-7.98596,-8.07632,-8.02580,8.67976,1.95029,5.16498
4.98524,-7.10553,-10.50315,6.50547,4.68293,2.40857,5.41729,-8.36102,-3.10823,-6.39134
-7.66990,-0.99310,-8.47025,7.81720,-7.73139,2.87562,-4.80432,-1.22992,-0.30322,-6.19350
-1.98726,9.31127,4.89037,2.31962,-7.55965,-6.64786,-8.54526,6.60917,3.88807,4.63528
8.93714,5.28400,8.69858,7.81567,2.01026,7.37688,-8.94717,-7.36493,-8.11764,-5.59904
-10.19782,9.21123,6.70550,-5.22353,-6.43400,-5.84541,-3.85068,-1.48034,-2.30044,-4.31950
11.15288,5.50234,7.60810,8.34602,4.04405,7.42273,-8.59161,-5.66390,-9.14936,-4.47570
-9.04471,9.02758,7.42055,-8.60176,-5.21473,-8.07162,-4.27760,-0.62454,-2.65578,-3.01459
-2.42681,-4.34118,7.72078,-3.64230,-2.82252,-0.67654,-5.55187,5.67126,-8.75169,7.84773
-9.84735,9.20185,6.57725,-5.79044,-5.63587,-6.27996,-3.18252,0.41441,-1.28246,-6.17362
1.64672,-6.67104,-8.35129,8.49048,8.63693,6.20210,-4.99497,-9.13238,4.36403,-2.34574
3.36311,-7.26152,-5.93014,-1.41084,-1.78433,5.04975,-6.60219,1.65913,-0.28738,-5.93324
2.81014,-5.65195,-10.30653,8.21499,8.54350,5.22804,-3.07825,-8.24038,3.42015,-3.20081
10.63128,5.10643,9.85836,8.50067,4.26164,6.95804,-6.97092,-4.93390,-10.06883,-2.48626
3.35098,-7.08142,-10.57552,9.59742,8.67728,4.97828,-4.53207,-8.23108,3.07992,-3.40252
-7.93155,0.34085,-9.12705,8.61185,-4.60211,4.52931,-4.71809,-0.27563,0.16155,-5.47272
-2.74124,-4.32949,6.51435,-1.73715,-4.29520,0.10700,-6.19135,5.82681,-7.98245,9.26033
6.54097,-5.60037,-11.43450,5.76992,4.52353,5.41791,4.74618,-11.43336,-2.30746,-8.90294
6.25293,-6.87375,-10.31332,5.85581,2.34150,4.25005,6.15824,-9.79334,-1.78220,-7.19484
-2.29458,-4.20905,8.66795,-4.37682,-3.22193,1.82702,-7.96061,6.24718,-8.96662,9.92343
1.91688,-6.12316,-7.71163,8.90176,8.99279,6.31970,-4.74287,-5.95702,2.07700,-1.01221
2.52035,-7.46903,-3.57041,-3.14767,-0.00730,4.35754,-5.88014,2.22362,0.84796,-9.74874
-3.35599,7.49944,4.19336,2.82957,-6.66553,-8.12585,-8.66515,7.70884,1.13844,4.31518
7.56001,4.45135,10.28741,9.75425,1.85457,7.19843,-6.13431,-4.48590,-8.41651,-4.30580
-11.17221,10.15861,7.43465,-5.32776,-7.33048,-6.37962,-3.91876,-0.66324,0.14230,-3.29805
-6.64385,-0.64600,-9.42900,7.55085,-3.08555,2.92920,-1.93322,1.21551,1.41627,-5.93418
3.18737,-5.49951,-4.26156,-2.84158,-0.80855,6.86540,-6.93388,0.52306,2.82349,-8.56990
-2.18648,8.18706,5.15923,3.50591,-6.98839,-6.47840,-8.14818,6.92230,2.24639,4.17404
-2.96166,-2.91681,6.33169,-2.86265,-3.31094,2.12581,-7.29233,5.65570,-8.56491,10.07570
-10.19983,7.99154,5.72562,-7.10490,-7.33937,-5.27827,-4.86455,3.12751,-0.86778,-3.99058
1.92110,-7.44092,-8.52376,11.96297,9.68012,5.85442,-2.98592,-7.56387,4.10476,-0.59010
-2.31816,-5.46079,7.57238,-3.15173,-3.62179,0.56216,-7.24134,6.53750,-8.21809,7.74221
3.35459,-6.19594,-10.15516,5.90935,4.02251,4.84441,5.27529,-9.78311,-2.34450,-9.63199
-7.46389,-0.35991,-8.63309,7.88436,-5.15385,3.98232,-3.43072,0.71752,1.40347,-7.83848
-2.74013,9.71049,6.48883,3.09973,-7.14852,-7.98664,-6.26497,7.38274,2.03623,4.13733
-1.69568,7.78342,4.86734,3.28031,-8.48711,-6.69548,-8.57844,8.10535,0.78535,2.84099
4.58873,-5.99012,-9.23725,4.67789,4.61741,3.52504,6.24819,-9.48176,-2.13792,-6.57679
3.07768,-6.66339,-4.39604,-3.03959,-1.27036,4.78111,-4.39115,-0.03763,3.06545,-7.54968
-9.01933,11.02659,6.26973,-5.95680,-6.94518,-7.34667,-4.56443,-0.72881,-1.32702,-4.94539
-9.51034,0.04713,-11.13021,8.94612,-4.91886,3.67006,-4.62966,1.68083,1.97593,-5.71937
2.65058,-6.11752,-8.62301,9.72039,9.79489,4.93028,-3.03857,-7.15927,2.92137,-1.15901
1.74386,-5.90320,-8.59307,9.56212,11.28908,4.60371,-2.29051,-7.94220,2.78588,-2.52726
-1.69634,9.64391,3.81088,1.41299,-6.13233,-6.26974,-8.85923,7.44085,3.29997,3.56988
3.72975,-7.48125,-4.17847,-3.41997,-3.30284,6.58756,-5.26968,0.00336,1.91528,-8.55505
-6.58392,0.41917,-8.33381,8.70855,-5.92807,2.91966,-4.54598,1.73194,-0.26258,-5.40921
5.57121,-6.49482,-10.88242,4.86402,4.80342,5.15812,6.00277,-8.64777,-1.42375,-8.16674
1.50941,-6.10165,-6.89462,8.78681,10.03240,4.87467,-4.86416,-7.57415,5.16878,-0.84134
-3.06285,7.81641,6.60460,2.00843,-7.57935,-6.66613,-8.95066,7.10255,2.63647,4.91896
-1.79824,9.45855,4.27891,3.13250,-7.96069,-6.26417,-8.24523,7.01398,2.34843,2.91034
9.62314,6.14915,8.57431,7.02359,2.83941,9.15862,-9.14642,-4.72490,-7.92526,-3.35910
6.13125,-6.86458,-9.82172,4.28930,5.57909,4.06777,5.48127,-8.82876,-1.68466,-10.52013
-7.92284,10.41257,4.80798,-7.03279,-6.98832,-6.30582,-3.39750,-0.23062,-1.17433,-4.93080
5.85545,-6.25676,-8.49638,7.14858,5.00997,3.61399,5.34602,-8.81957,-3.83629,-7.32245
-5.23409,-4.00184,6.81841,-3.95514,-5.36685,-0.11582,-7.07098,5.41762,-8.01492,6.88311
-2.45099,7.87132,4.99767,2.53395,-5.79658,-5.82631,-10.21600,6.38570,2.53734,4.67524
-8.60654,9.07337,4.14945,-3.46228,-7.75307,-7.97731,-2.89258,2.93488,0.02317,-3.61151
5.15044,-4.57293,-8.36081,6.22818,3.12870,2.49425,3.95337,-9.89294,-1.45222,-7.56679
3.76553,-6.70229,-3.61881,-1.60026,-1.24355,4.86431,-7.05133,-1.68167,3.90450,-10.17420
-8.38180,8.58126,7.01753,-6.14656,-6.33476,-5.05346,-3.72406,0.54157,-2.72096,-3.42916
-1.24008,-5.28499,5.03195,-3.02556,-4.86548,-0.11232,-7.35689,6.53545,-8.51828,10.04472
-3.77797,-3.91097,7.76335,-1.01557,-3.53820,2.01676,-7.76153,4.88752,-7.65891,10.15542
8.42365,5.19235,8.17566,7.18676,2.93689,7.06574,-6.62137,-5.25211,-8.00459,-3.95633
9.16922,7.54952,8.11504,7.49347,3.94955,7.60542,-8.78027,-6.22737,-8.25472,-3.28559
-6.51053,1.55895,-9.79579,7.57424,-4.33319,2.89242,-3.90518,1.14101,-0.97515,-4.98461
-2.08062,-3.98772,7.08963,-2.04501,-4.05697,0.32120,-6.34185,4.68642,-9.40966,8.77354
-2.62374,10.25210,3.04545,1.37379,-6.87438,-6.83313,-9.28839,7.94637,0.95468,4.01907
-1.88508,9.64263,4.62763,1.07592,-6.80382,-7.55727,-7.86321,7.17647,1.19680,3.84007
-6.42362,-1.20276,-10.13674,7.57782,-5.35338,2.19389,-2.54270,0.14251,1.28671,-6.87326
-2.45347,10.10848,2.94741,3.50272,-7.03764,-7.30699,-9.85043,5.66867,2.84547,4.23477
-0.31939,8.20599,3.80016,1.37378,-9.00352,-7.40586,-9.59746,7.47392,2.36406,6.03762
-0.77318,-4.65125,4.73285,-1.97287,-4.97120,1.55261,-7.15630,4.50082,-8.34469,11.93396
9.79217,5.63372,8.71254,6.70125,3.40893,10.24468,-9.91281,-7.10437,-9.37526,-4.45793
-7.65586,-0.51243,-10.25798,8.79465,-6.14153,4.02647,-4.76800,-0.35107,-0.53258,-6.80431
-9.34451,8.83412,5.36855,-4.88076,-5.71330,-6.43109,-2.06852,-0.57496,-2.88662,-4.86733
3.39454,-5.28651,-9.38254,6.25183,2.74170,3.87223,5.16266,-10.11500,-3.56971,-7.03029
-2.68125,-5.61283,5.96710,-3.00224,-3.42352,1.06153,-6.87384,4.94842,-9.38974,11.53646
-7.26704,-0.28379,-11.55046,6.06571,-5.43127,3.70813,-6.51328,-0.09837,0.40796,-4.91457
1.79378,-8.09493,-4.33005,-0.96105,-2.25050,4.08996,-4.53535,0.07537,1.17922,-8.03109
-4.39613,-5.76721,5.61597,-4.21744,-5.96490,1.26692,-7.39558,6.42335,-7.81851,10.00336
-3.34770,-3.64361,6.44261,-3.38866,-5.73988,-0.22581,-9.20331,5.94266,-9.10742,8.77115
-3.40582,-4.40076,7.24628,-1.33690,-3.49381,1.61477,-7.12143,6.43225,-7.25948,8.40496
-0.74374,9.41927,3.37899,2.89103,-4.75747,-5.84764,-10.35770,6.83929,3.28921,3.45378
5.63749,-3.63358,-11.98891,6.99245,4.02234,5.14692,4.76803,-8.56807,-2.11927,-4.56971
6.42758,-7.42576,-9.30230,6.10360,4.21998,3.85197,7.17354,-7.47905,-3.57046,-9.01723
4.75254,-6.68473,-10.46366,6.84564,5.17103,4.17268,6.33337,-8.39563,-2.95497,-7.89400
-5.16017,10.10579,5.88596,-0.10022,-7.22231,-7.25155,-10.24584,6.54571,0.91172,5.91372
1.72165,-6.00096,-10.29709,9.43988,11.33695,4.80477,-3.71802,-8.70854,4.11055,-1.17780
6.87220,-6.44512,-9.13307,4.39517,4.79660,3.77619,5.73275,-8.76686,-1.51027,-8.55705
2.04215,-6.07635,-3.56355,-5.61315,-0.22270,5.89826,-6.02523,-0.10383,2.97240,-8.12347
-0.71732,-3.96741,7.08336,-3.29524,-5.86537,0.64545,-5.97491,4.51677,-9.56408,9.86401
8.23834,6.63997,9.12853,6.95862,2.17462,7.41173,-7.12933,-5.01897,-8.56345,-3.13173
-2.33080,-4.17971,5.83669,-2.68368,-3.92104,1.04876,-8.20121,6.25030,-7.04679,10.18637
-1.32990,9.08180,6.70063,3.72851,-7.12859,-5.90854,-8.19295,8.69215,1.05738,4.84750
6.56676,-6.21237,-9.16049,6.66039,4.47881,4.30883,4.20883,-9.64064,-2.12133,-7.66316
-1.36637,9.76622,5.43091,1.06378,-5.47683,-8.28196,-8.25147,9.51398,1.03176,3.59515
6.19151,-5.70011,-7.61373,5.45700,4.65525,4.05094,4.55612,-8.52997,-2.69333,-4.76445
-8.50241,9.87290,6.62383,-4.93545,-4.97329,-5.77410,-3.90480,-0.81671,-2.42621,-4.48064
6.30633,-5.77437,-10.12086,5.73281,5.60818,3.88065,4.38834,-7.85374,-3.62682,-8.63268
3.43254,-6.03183,-9.81043,9.22422,9.81086,7.30810,-2.32718,-9.06165,2.87380,-2.45453
-1.63501,-3.89280,6.88215,-3.68955,-4.10471,2.04940,-7.77814,8.14188,-9.03462,9.77015
-0.30301,-5.34763,4.88557,-3.33620,-6.35680,1.60502,-9.24660,6.07240,-10.58680,9.41744
5.26075,-7.15587,-9.61655,4.23459,4.04519,4.59617,6.22001,-7.54548,-3.33426,-7.83323
-8.29454,0.62502,-10.36237,8.94390,-3.45386,3.94565,-3.48203,-0.58651,0.08735,-5.05329
-0.62792,-3.77089,7.43697,-4.28116,-5.53246,-1.98516,-7.99090,7.00064,-7.99204,9.51623
4.76352,-5.05786,-8.89578,7.68314,3.28476,5.05551,6.05786,-8.99329,-3.60246,-6.07310
9.21024,5.39632,9.78556,9.59972,0.31997,6.65111,-8.85218,-5.49761,-8.59858,-2.42362
-3.38482,7.63149,5.56606,3.88259,-8.27819,-6.31714,-9.48897,6.83640,1.42991,3.29746
2.60435,-5.37194,-4.38057,-3.02208,-0.89802,5.40034,-5.20658,-1.33162,0.79461,-10.13879
-3.98778,10.15804,4.97838,1.55788,-6.24685,-4.60942,-8.65646,7.57174,1.56294,3.31161
-9.66274,10.01887,6.82655,-7.08856,-5.98330,-5.72132,-3.35536,1.57591,-0.52718,-3.71624
9.20854,5.14598,9.97062,7.26923,2.00322,8.48868,-8.73193,-7.45281,-8.77248,-3.55440
-1.50290,8.43739,5.47557,0.84346,-6.34982,-5.43854,-11.30997,6.52663,2.59937,3.95841
-7.99381,8.55124,5.65746,-7.90661,-7.00246,-7.65500,-2.27314,1.50495,-2.04925,-1.92298
9.72784,5.27518,7.96604,7.17744,4.00781,8.43817,-7.44802,-6.87124,-9.87531,-2.41141
-0.52702,-4.97481,7.25611,-4.01863,-3.62658,1.05335,-6.70848,5.39837,-10.17007,10.24099
4.88305,-5.54633,-12.51437,8.85824,4.66817,4.72902,6.60697,-6.17545,-1.95994,-6.73381
0.37466,-6.18086,-9.72834,7.62504,7.79028,7.28064,-4.53699,-6.51283,3.14886,-2.90431
2.30491,-6.35735,-3.67237,-3.51912,-1.52215,6.73348,-6.34130,-0.11896,0.89317,-8.64739
0.87018,-7.43489,-5.32722,-4.47474,-0.33714,6.46267,-6.58303,-2.30635,1.30205,-8.67919
-2.64308,-4.63614,6.97055,-2.60138,-3.09721,-1.57247,-9.56845,5.54806,-7.41169,8.17209
-10.32384,10.63429,7.74016,-5.14408,-7.45581,-6.64832,-2.70206,0.63685,0.95823,-3.78210
-4.28986,-4.89037,7.51593,-2.67304,-2.43297,1.87903,-7.83541,6.07125,-8.55636,8.15556
-2.11901,-4.18565,6.89794,-1.58112,-3.08632,1.39814,-6.33571,6.55800,-8.97016,10.49430
9.89766,4.77438,10.95503,9.08710,2.17057,9.46447,-7.12425,-6.64429,-9.91167,-3.41525
-5.98112,0.88899,-8.44307,7.73087,-5.71364,4.20575,-2.88973,1.87403,0.33022,-6.53246
-1.34531,-4.57169,6.97017,-3.82250,-4.97064,0.39528,-6.32481,7.72132,-9.31416,10.81459
-1.33515,-4.56879,7.19364,-1.22657,-4.00000,1.16557,-8.70043,3.41321,-8.12061,9.64291
2.06891,-7.68221,-6.13641,-1.92485,-1.95134,5.94277,-3.93244,-0.63470,-0.68200,-9.35700
7.31610,5.41659,8.63966,7.56985,0.91542,7.26525,-7.76578,-6.63089,-8.77910,-4.37864
-7.84668,0.19087,-9.35774,7.76217,-5.39423,3.57995,-5.28295,1.15194,0.51801,-7.43298
-3.03970,8.43847,4.36483,-0.32875,-8.39482,-5.51324,-7.19336,7.07449,2.59886,4.47270
-7.22506,-0.25172,-11.22004,7.32602,-5.23801,5.13813,-3.20923,-0.93412,1.42024,-7.85021
-1.67886,8.15820,4.71145,1.49551,-6.40065,-6.54645,-7.80079,6.81351,1.75243,3.18269
-1.14640,-3.63023,7.06206,-1.79300,-5.26059,1.20252,-7.30669,6.89082,-8.62421,9.35280
2.75097,-7.03054,-3.80648,-2.18358,-0.24388,6.81322,-5.59671,0.04343,2.52087,-7.17111
-2.09627,8.45056,3.81766,2.21686,-6.63466,-7.38705,-9.30937,7.55557,0.57422,2.75399
7.85899,5.30638,9.09168,8.07208,0.11421,7.54717,-8.29423,-5.54405,-11.29158,-3.65552
3.23537,-7.64174,-3.75338,-2.69696,-1.78230,6.02788,-7.18556,1.47237,1.38367,-8.86983
-9.55999,9.42795,7.58714,-6.26926,-6.26738,-6.79419,-4.34965,0.18596,-1.13897,-4.65417
-3.16685,-5.13378,4.53853,-2.81744,-4.63038,-0.81897,-6.77730,6.75981,-8.28195,9.41367
5.30638,-6.44958,-10.19475,7.35614,3.80190,3.23908,6.16906,-8.72398,-2.79929,-6.07504
1.50942,-6.15759,-7.89856,9.73200,10.50155,6.87625,-3.55628,-6.97641,3.65814,-2.07882
-1.96210,8.81209,4.42220,3.07195,-6.05421,-6.06660,-7.53285,7.34453,2.70425,3.85118
-0.58308,-4.21237,5.71126,-2.89614,-4.36329,1.32655,-8.54837,6.63651,-11.21338,9.10785
0.59714,-5.77163,-8.32256,8.07566,8.44298,7.29338,-5.09714,-6.40388,2.78404,-0.55856
6.89701,-6.01154,-10.48597,6.01005,4.94607,3.99569,4.67605,-8.74064,-4.00765,-5.86207
2.86628,-5.87133,-8.26049,8.99733,9.98550,6.75976,-4.26177,-8.62016,3.78652,0.35207
-1.10962,-4.38660,5.84312,-0.97449,-4.33200,1.62276,-7.78974,6.40706,-8.19788,7.84809
-2.22821,8.39159,4.43176,1.48017,-7.46899,-6.03051,-8.48131,6.63061,2.92190,4.46875
10.57358,5.98356,8.58745,7.36825,2.99409,7.01451,-9.20027,-6.47790,-7.85780,-3.11363
-2.61480,-4.87864,7.20841,-3.56313,-2.70264,-1.05772,-5.87035,5.81962,-7.64940,9.81754
5.59449,-5.92786,-9.45355,7.15307,4.52978,5.03373,3.84318,-8.46888,-2.35118,-6.95368
-8.16711,-0.63558,-9.86050,9.01974,-5.92926,3.47099,-2.54782,-0.11184,0.21629,-6.53344
-8.00925,1.16069,-9.84756,8.54486,-5.55536,4.00837,-3.08027,2.24997,0.75864,-5.63426
1.84888,-7.03971,-3.99653,-2.66972,-0.44166,6.89417,-5.05697,-1.20021,-0.70563,-8.13667
8.19200,3.18651,9.64799,7.06835,-0.06049,8.58255,-7.43697,-6.20240,-9.55330,-3.65276
-6.60779,-0.46297,-11.01610,7.26194,-3.26151,2.97645,-4.00916,0.10152,2.83834,-4.67695
8.76396,5.21462,10.20851,5.40874,3.23496,8.77551,-9.43717,-7.15566,-7.41906,-4.43890
9.81576,5.54210,7.35407,6.58073,2.23901,6.30489,-7.21751,-6.23850,-5.85236,-1.18548
5.52941,-6.73927,-11.71032,5.60346,2.74519,6.28425,5.31030,-8.86503,-1.94153,-8.80437
-2.31111,8.86993,4.06622,1.42631,-6.91238,-7.42353,-9.55117,7.42995,1.76732,5.66544
1.74821,-8.32974,-4.01622,-4.44120,-0.55543,5.55592,-6.47256,-1.31001,2.36189,-9.60369
4.17450,-6.58272,-8.88901,8.62027,9.13225,7.54080,-6.11959,-6.51312,2.26070,-1.46360
-7.10195,1.35936,-8.60772,8.97546,-4.74057,4.66090,-3.35602,-0.45973,2.33758,-5.60501
-7.74613,-1.72694,-8.10624,8.96382,-4.35773,4.77145,-4.71469,2.14872,1.86640,-6.53947
-8.66428,9.21329,6.12613,-4.70421,-7.06784,-7.74037,-5.47178,1.10114,-2.64153,-2.42062
1.63144,-5.38411,-3.47918,-3.16067,1.27871,5.09780,-5.26443,0.58398,3.15003,-7.50948
-8.06904,-0.06202,-11.80056,7.52816,-4.37089,2.26815,-3.70679,0.84823,0.59166,-6.13245
4.00129,-6.50860,-9.97227,6.55232,5.08845,5.10704,5.23453,-8.71730,-2.32053,-6.41005
10.51355,7.82270,8.98611,6.99248,0.40904,8.69546,-7.12627,-5.60518,-9.09786,-4.08267
1.40947,-7.12398,-5.22925,-5.59411,-0.44204,6.60745,-8.36946,-0.72504,2.46745,-7.01350
4.67877,-7.15375,-9.57966,5.03564,3.72252,3.58497,5.97509,-6.71768,-4.13227,-9.53564
-8.99766,10.50690,7.46933,-5.24594,-5.29683,-5.16261,-2.53300,1.14384,-1.52822,-4.02870
10.17457,5.07153,9.19803,8.44734,2.40277,7.61183,-8.08079,-5.71620,-9.08828,-5.57987
-2.14756,8.36917,5.00127,3.51121,-6.91545,-5.31547,-11.45807,8.14543,2.10935,3.86244
-2.42338,-5.03760,6.61911,-4.61064,-3.88660,1.23736,-7.59082,7.04986,-9.63648,10.86565
-8.67198,9.74469,7.64686,-8.64947,-4.27513,-6.47150,-2.80697,-0.54478,-0.74833,-5.22883
-8.92977,11.40840,6.47191,-6.55152,-7.74282,-7.06284,-3.94828,2.28969,-1.87871,-3.95163
-10.44667,10.09851,6.07321,-5.63121,-3.80342,-6.42797,-2.76588,-0.20805,-1.39609,-2.40462
-2.13805,8.41030,4.72647,1.81749,-5.71185,-6.62569,-8.50073,6.91165,1.53469,3.72889
4.87850,-5.19407,-9.68009,5.32469,4.13119,5.36415,5.23715,-7.32599,-1.80917,-6.76370
-7.32521,-0.34499,-8.11170,8.32677,-6.79147,2.13326,-3.95162,0.71136,0.87762,-5.08394
2.01580,-7.48694,-3.84970,-1.85703,-0.01813,5.12044,-6.17365,0.56727,1.59960,-7.46365
-9.62847,7.96742,6.77696,-6.43427,-5.52286,-6.98453,-4.36134,-1.39441,-1.81341,-6.59930
-10.99092,11.14777,5.40499,-6.44612,-7.08191,-5.43699,-4.21010,1.74287,-2.03459,-3.89642
-8.99091,10.09937,6.35129,-4.37751,-6.51356,-6.20633,-4.08823,0.51071,-2.45737,-5.61547
-1.79711,-4.19338,6.01863,-2.99499,-2.71224,-0.08864,-5.56674,5.72191,-7.18356,8.33092
5.22603,-5.25944,-10.92975,8.25442,2.31606,3.98248,5.79562,-7.93479,-2.93116,-7.74001
5.67239,-5.38972,-10.71163,5.08994,3.56770,4.45612,4.36119,-8.52895,-4.51919,-8.80267
3.86247,-5.20885,-11.27016,5.87307,3.87953,4.51051,6.11457,-9.20274,-3.10441,-7.69689
4.07987,-5.32419,-9.37069,6.80503,4.13877,4.99492,7.02975,-8.80420,-2.69204,-8.76875
2.36056,-7.08115,-7.89185,8.00416,9.78900,6.67342,-2.84751,-5.28690,4.07708,-1.70591
-8.52197,-0.30307,-8.70201,8.34338,-5.41093,3.47466,-3.05117,-1.64858,2.09328,-6.63917
-8.59176,0.30147,-7.50292,7.96836,-5.67203,2.59836,-4.85541,-0.38340,0.56370,-7.70848
-8.68985,0.52625,-8.68270,7.38209,-3.92904,2.61887,-3.51261,1.22170,0.90059,-5.84817
2.84438,-6.98153,-7.63903,9.59472,9.99621,4.80199,-2.69578,-7.78531,3.31538,-1.05356
-1.64055,-5.30979,5.15948,-2.64640,-3.37184,0.00898,-8.68053,5.95209,-8.59642,10.28606
3.33802,-5.25178,-5.38666,-2.17606,-1.34391,5.59757,-3.36218,-1.21828,2.10203,-8.60330
-7.91065,1.46695,-10.13066,9.71878,-4.32454,1.85114,-3.39813,-1.69867,1.55971,-5.41768
-1.90200,-6.37688,4.18279,-2.02016,-4.38687,2.03243,-8.55492,6.56384,-6.64017,10.15744
-6.23059,0.21672,-9.91873,8.64231,-5.28349,2.55585,-4.92014,-1.35047,0.54428,-6.14486
5.42829,-6.13151,-10.34319,8.03546,3.24982,5.35194,5.78166,-7.25759,-3.49787,-8.41559
-10.79800,9.99813,8.17960,-4.53446,-6.57694,-4.84118,-3.76649,0.15804,-1.97450,-4.47789
2.41346,-6.39593,-7.84807,8.84034,9.70311,6.06473,-3.64236,-8.62932,1.24584,-1.33123
4.57663,-5.92787,-8.78562,6.05295,3.90123,4.17326,4.89065,-8.22414,-4.32794,-6.40168
1.76322,-7.22458,-3.61082,-2.66634,-1.31499,5.59391,-6.09489,-0.08532,1.58950,-7.47234
-6.66628,1.73316,-9.72192,8.89873,-2.54275,2.63280,-5.30082,-1.47865,1.64692,-8.18606
2.32546,-5.73259,-5.29880,-2.86642,-1.59542,3.83698,-6.08921,0.16294,3.36174,-8.44018
6.79575,-6.67937,-10.69593,6.38492,4.82274,4.43849,6.59178,-7.98813,-5.00890,-8.21209
6.36840,-7.07631,-9.02079,5.12289,4.72500,5.19988,3.51409,-8.42613,-3.29918,-8.44138
-7.46117,1.19941,-10.03106,8.93141,-5.01910,3.18626,-3.67403,0.65360,0.81798,-6.08820
-4.37999,8.66277,4.65830,3.64961,-6.55270,-7.09921,-8.00892,5.11239,2.25791,4.93232
-9.37984,0.17360,-11.22448,8.11777,-6.19272,5.23772,-2.85442,0.50711,2.19791,-7.14923
2.72803,-6.47525,-3.49423,-1.49929,-0.69758,4.40669,-5.60684,-0.36667,1.31967,-8.48463
-4.21258,8.95874,5.02394,1.94047,-8.94707,-6.96923,-10.14280,7.99320,2.38890,3.22157
2.42664,-6.20908,-6.86034,-1.99489,-1.53268,3.87289,-5.49532,1.65835,1.71084,-8.11812
-8.30172,-0.58177,-8.08136,9.87142,-4.26152,2.37063,-1.77872,-0.12961,0.59907,-5.96057
-8.15159,0.02709,-7.35807,7.68066,-5.88331,4.73211,-1.80319,0.40506,1.94567,-4.96143
1.69765,-5.13705,-8.37222,9.27819,9.93485,5.02911,-2.86861,-8.12232,4.35514,-2.26881
-2.38890,9.52872,5.35149,0.84853,-8.41374,-5.60243,-8.50601,6.57504,3.57345,4.27713
-7.33397,0.59626,-10.58156,9.88892,-4.62207,4.88230,-4.49881,2.21942,1.70936,-5.74987
-6.65884,0.35476,-8.12874,7.00837,-3.15718,4.77368,-3.03016,2.18316,-0.72242,-6.82736
1.37802,-6.18247,-9.67062,7.59809,8.68592,7.03034,-2.95460,-7.53347,4.40976,-0.68077
-10.21208,11.31223,6.45817,-5.53578,-5.49343,-5.83623,-3.76474,0.86009,1.04232,-4.23304
1.59260,-7.68967,-8.25947,9.75665,9.77041,7.84244,-3.91332,-7.37782,2.59296,-1.58405
0.79982,-7.91198,-8.21710,9.52498,9.86152,5.91299,-4.03318,-7.71868,3.77055,-3.41625
2.43153,-4.83090,-8.32686,9.36687,9.25952,7.39152,-2.81126,-8.67224,2.36541,-1.39993
7.84889,4.86990,9.38642,7.26226,1.72203,9.18167,-7.80860,-5.81352,-9.43458,-3.12333
0.65587,-6.31508,-4.64017,-2.52597,0.73362,6.60036,-6.27506,-0.60650,-0.30352,-9.79015
-1.74571,-3.07631,6.07978,-3.36251,-3.23164,1.15050,-5.91386,6.33267,-9.66610,8.40461
-2.11475,8.59330,4.92965,4.04857,-6.00850,-7.20613,-7.63711,6.91545,-0.01582,3.15337
9.89193,4.96906,10.01080,7.01977,3.67004,6.68985,-7.79538,-5.60491,-9.89101,-3.06900
4.15433,-6.16895,-8.79301,4.11797,5.67163,5.70252,4.96564,-7.97572,-2.82754,-6.45263
-9.32092,9.71989,5.98076,-4.76118,-6.53846,-7.08765,-3.37865,-0.40334,-1.33292,-4.18454
1.50247,-8.02038,-3.95654,-1.52413,-1.89442,5.76520,-5.57771,0.97779,2.02473,-9.43802
-8.02279,9.33245,6.09365,-3.87206,-7.81151,-8.53072,-3.47514,-0.00693,-2.38233,-3.46706
9.55218,7.71519,8.42994,7.16847,2.33135,8.74986,-7.03741,-7.33821,-8.36407,-2.90297
-2.94924,9.14503,6.08115,0.53731,-5.71646,-6.86988,-9.81984,7.78563,2.22136,3.56123
-2.50645,-5.85205,7.09004,-3.69922,-2.19721,1.42443,-7.76216,5.43255,-8.60193,9.49824
10.57843,6.93899,8.55187,7.94255,1.05339,9.61024,-7.56473,-4.13913,-9.97378,-3.87140
2.26906,-7.96354,-3.69713,-3.35048,1.13479,5.84005,-6.37185,0.46937,0.50117,-10.04261
-7.01576,0.10335,-9.04821,9.45876,-4.09191,3.53917,-5.42067,-0.55869,0.81150,-6.20954
2.54159,-7.91599,-7.65165,10.14730,9.08325,6.12447,-5.43883,-7.53230,4.25672,-1.25914
0.90518,-6.53458,-9.40855,7.71921,9.09562,5.85946,-1.48101,-7.61360,2.30704,-1.76172
1.04313,-7.06718,-2.42459,-0.44146,-0.24055,6.20436,-7.80758,-0.25799,1.06051,-9.69184
2.25785,-7.93813,-4.34000,-1.29789,-1.52456,4.90433,-6.48927,-0.66864,1.97096,-7.44631
-2.43940,8.62897,4.75340,2.63530,-5.29361,-8.11793,-6.70529,5.37144,1.87052,4.74977
8.39833,4.48678,7.40144,6.29628,0.74072,8.59695,-9.12294,-5.56673,-9.06074,-5.46190
0.56968,10.13386,4.51196,1.01763,-8.48607,-6.67665,-9.59468,5.90127,1.37573,3.07990
1.83784,-6.59023,-9.94938,9.58223,10.19497,5.71586,-4.37777,-7.78068,3.24794,-1.26308
8.04212,5.08744,8.82401,8.00792,1.77891,8.83330,-7.53729,-5.34571,-10.08126,-3.77755
9.24175,4.06950,8.26532,8.39020,3.25406,7.33033,-8.59566,-6.23164,-10.49124,-2.90204
10.58340,5.41894,7.67043,7.50302,2.13669,9.66670,-7.62706,-6.93088,-6.61026,-3.22862
10.07062,5.36566,8.27058,7.55564,2.38632,8.51464,-8.82396,-6.24597,-9.01688,-5.62213
6.11581,-5.42190,-10.28143,5.29146,3.10974,4.20688,6.06993,-7.59086,-3.32722,-8.83611
2.68540,-5.70186,-9.01964,10.77292,9.54271,6.66569,-3.24180,-7.62497,4.52360,-1.81420
-10.29332,9.34243,7.20718,-5.67721,-5.82474,-7.25258,-3.74579,-0.91859,-1.47233,-5.07932
2.79798,-7.50560,-3.46015,-3.00658,0.29452,6.07316,-6.11383,0.73241,0.27742,-10.19776
2.01145,-7.03971,-8.69844,9.57892,7.86879,3.87177,-4.45826,-9.26727,3.17652,-1.34473
-2.27956,-5.12400,6.74277,-1.91972,-3.88048,-0.02455,-6.43906,5.40635,-8.29230,9.43439
6.73297,-6.01118,-11.12569,7.56357,4.86815,5.11858,6.14114,-6.12475,-0.64559,-8.36933
10.54528,6.88901,8.48780,5.29341,1.59669,8.37330,-9.24075,-6.59556,-7.56526,-2.82847
-2.02819,9.23817,3.84940,2.44464,-4.99760,-5.53469,-7.24514,6.81231,1.03270,4.03566
9.41051,4.33100,10.48570,9.79384,2.11469,9.46102,-8.05486,-7.41707,-9.50728,-3.36147
2.02593,-8.19730,-4.28836,-2.59591,-1.10346,5.05352,-5.83787,0.72663,0.75789,-7.66006
-6.47654,-0.56759,-9.40587,9.51220,-6.11156,1.85333,-4.34938,1.43974,-0.58514,-9.13507
-1.26447,-4.81003,7.32465,-2.58567,-5.33222,1.17244,-8.17321,5.41106,-8.31966,10.03498
-2.07196,-4.90957,6.55488,-2.97220,-3.16103,-0.22276,-7.94403,7.08024,-9.10452,10.63827
2.36026,-6.65864,-4.11350,-0.97771,-1.50125,5.89813,-6.74899,-1.03533,1.23652,-9.10803
2.56014,-7.46248,-4.44892,-4.23595,0.00451,5.62568,-6.18700,3.47780,2.14704,-9.82278
-2.75459,8.26055,3.75036,1.15736,-6.95673,-6.53896,-8.56164,8.15071,2.03530,5.61499
3.29311,-6.98688,-4.21200,-2.38721,-0.35748,6.34873,-5.45092,0.37427,1.65095,-9.22227
-2.24948,8.10997,5.27847,0.31165,-6.94571,-8.09113,-9.49016,7.37092,1.16189,3.77690
-9.80927,9.42508,6.85724,-7.79495,-6.61068,-7.01389,-4.91678,0.21403,0.43659,-3.53457
9.02111,4.15461,8.07530,8.41783,2.27968,8.60554,-9.22530,-6.26185,-11.27252,-3.31492
-7.37452,0.84145,-9.29973,11.05481,-6.49300,4.30917,-3.93858,1.17328,1.37551,-7.03607
-9.36440,10.76234,6.77408,-6.18262,-6.24120,-5.78861,-3.86630,0.53572,-2.06309,-4.83832
1.71413,-8.19609,-6.94938,10.35916,8.02038,6.85765,-4.41070,-7.78307,3.97888,-1.43136
9.47129,6.05671,7.92828,7.92658,-0.19438,9.31394,-9.79164,-4.57692,-9.42557,-3.70506
0.67451,-7.73918,-3.36284,-3.92705,-0.58504,4.34694,-5.54009,0.24905,0.23316,-7.90625
10.25333,5.64172,7.21298,7.09372,1.88403,8.36182,-6.25761,-7.46633,-8.58986,-2.00428
9.53474,6.35227,9.48284,8.47912,1.15806,6.52948,-8.62320,-5.07871,-7.70200,-2.78284
8.99401,4.31863,8.39008,8.16584,1.91311,8.61999,-8.90027,-4.90862,-10.27163,-3.00583
-2.87628,-4.48885,6.58758,-2.38511,-4.64996,-0.98244,-7.61429,6.83776,-8.80636,9.49136
-9.50603,10.46368,6.13156,-4.34387,-4.06460,-6.69475,-4.36066,1.94851,0.21847,-4.69828
0.28436,-5.58200,-9.38360,9.76834,7.34254,7.06054,-5.11890,-7.31579,3.69893,-2.15089
-2.57589,-5.34559,6.95390,-1.63471,-4.97828,-1.53638,-7.59374,6.95741,-7.97136,10.16592
-9.19872,-0.48893,-8.31566,7.71991,-4.18392,3.05994,-3.44172,-0.74633,1.01942,-9.29405
3.52681,-6.53694,-4.29556,-3.89706,-1.08762,4.85300,-6.58705,0.87327,3.51820,-8.67632
-9.01854,9.84591,7.29158,-4.42407,-6.16698,-5.62291,-4.00489,1.93525,-2.03749,-2.37448
-10.57690,8.29461,6.82875,-4.36122,-5.44518,-7.90241,-4.90478,1.43590,-2.34359,-4.40005
5.77933,-4.54761,-10.88315,6.44515,4.22161,3.51089,6.38170,-6.19443,-2.84769,-7.17760
3.00314,-5.98319,-4.25726,-2.87644,-1.75658,4.87664,-6.23300,0.65205,2.76188,-9.87417
6.40016,-6.06443,-10.49791,6.90176,4.54678,4.93712,5.50669,-8.55700,-0.44231,-6.49836
3.57365,-5.66330,-7.73357,10.21384,9.40130,6.36526,-4.52538,-8.36263,4.30043,0.00693
-10.69168,7.24531,7.03743,-3.26022,-6.36957,-5.49342,-3.83333,0.39624,-0.44202,-4.46569
-8.94283,11.56145,6.34107,-5.53407,-6.11412,-4.75446,-4.01045,0.77415,-0.75320,-3.98881
-8.60399,9.18421,6.59939,-5.07840,-7.48622,-5.94950,-3.74870,0.98758,-1.07193,-1.72012
-11.67024,11.09465,6.85987,-5.84993,-6.90842,-5.93277,-3.95279,1.59843,-1.24687,-4.02512
8.57632,4.43642,10.91475,9.22789,3.87837,7.21459,-8.15890,-7.37385,-9.79115,-4.41152
-7.91886,0.20465,-9.12840,10.87944,-4.47460,2.24639,-3.86124,-1.37489,0.85361,-7.13597
4.34962,-9.20239,-9.61047,6.60079,2.44648,3.60164,8.18062,-8.82472,-2.09973,-8.33328
-1.27686,-4.63243,8.43025,-2.64070,-4.72774,-0.75765,-7.44418,5.70755,-7.54868,10.20022
8.46713,3.90506,8.46296,7.68309,2.45420,7.90217,-7.71865,-4.14519,-8.27995,-3.54148
-2.40955,8.51081,3.08922,2.04173,-7.94193,-6.40652,-9.75775,8.87346,1.23905,3.83939
1.96178,-5.66787,-8.82652,10.48887,7.86146,6.15586,-5.16012,-7.68293,4.57155,-1.61771
-0.41305,-4.91590,6.85310,-3.37415,-5.22767,0.26901,-7.66027,6.40342,-6.15991,9.02170
9.00399,5.08904,8.31233,6.64141,1.83034,7.87688,-11.15960,-4.02737,-8.00668,-3.86969
-9.35452,7.84230,6.97973,-4.91969,-8.35724,-5.95785,-2.68749,-0.71451,0.31147,-3.75640
-8.07566,-0.29293,-9.51809,7.43983,-5.00117,1.70183,-4.25693,0.11648,0.67803,-6.54441
3.27525,-6.92359,-8.13436,7.95805,9.28909,5.99359,-3.68242,-8.41608,3.55319,-0.37090
0.71140,-5.94754,-4.70897,-0.11456,-1.44285,5.88807,-4.46441,2.29078,3.90979,-7.86263
-2.46068,8.18334,4.91034,1.92293,-7.11858,-7.78767,-9.41510,8.07891,2.52322,3.18390
1.06714,-10.08239,-4.18462,-0.90051,0.78266,5.24642,-6.60874,0.75346,0.84991,-8.76920
8.09907,4.97049,8.18262,7.81933,2.38384,8.85569,-10.00616,-5.01640,-8.84289,-2.10886
2.84643,-5.74042,-8.99294,8.90611,7.79477,5.81092,-3.01734,-7.47135,4.18533,-1.14718
-4.28792,10.51033,5.29424,1.91759,-6.59966,-8.00560,-6.39258,7.45274,2.13170,4.88722
-7.17291,-0.30093,-7.55675,9.75943,-5.29021,3.09961,-3.83973,-0.05030,1.12923,-7.06119
1.23052,-6.07024,-2.83999,-2.79083,-3.00046,5.09570,-4.70953,0.26182,0.84899,-9.57577
7.03757,-6.00634,-11.07852,6.25935,3.09103,5.05355,5.71635,-7.56127,-3.62157,-7.64861
2.94651,-7.64561,-3.64400,-2.93231,-0.13979,6.31889,-6.94196,1.37067,1.31233,-8.26293
-2.56705,-4.07288,5.21781,-2.64178,-3.82942,1.53415,-9.11827,5.28258,-9.38725,9.83763
